-- Adminer 4.8.1 MySQL 8.0.27 dump
SET NAMES utf8;
SET time_zone = '+00:00';
SET foreign_key_checks = 0;
SET sql_mode = 'NO_AUTO_VALUE_ON_ZERO';
SET NAMES utf8mb4;
DROP DATABASE IF EXISTS comp;
CREATE DATABASE comp
/*!40100 DEFAULT CHARACTER SET utf8mb4 COLLATE utf8mb4_0900_ai_ci */
/*!80016 DEFAULT ENCRYPTION='N' */
;
USE comp;
DROP TABLE IF EXISTS athletes;
CREATE TABLE athletes (
  id int NOT NULL AUTO_INCREMENT,
  team_id int DEFAULT NULL,
  name varchar(255) DEFAULT NULL,
  PRIMARY KEY (id)
) ENGINE = InnoDB DEFAULT CHARSET = utf8mb4 COLLATE = utf8mb4_0900_ai_ci;

INSERT INTO athletes (id, team_id, name)
VALUES (1, 1, 'Jodie Goldberg'),
  (2, 1, 'Jennifer Hensley'),
  (3, 1, 'Mike Goldberg'),
  (4, 1, 'Mike Hudson'),
  (5, 1, 'Aaron Kerr'),
  (6, 1, 'Leslie Powell'),
  (7, 1, 'Nissa Van Etten'),
  (8, 1, 'Greg Van Etten'),
  (9, 1, 'Melinda Grebe'),
  (10, 1, 'Meaw Medich'),
  (11, 1, 'Jay DeFoore'),
  (12, 1, 'Jack Blake'),
  (13, 1, 'Kiffin Klos'),
  (14, 1, 'Corey Jahn'),
  (15, 1, 'Sylvia Alexander'),
  (16, 1, 'Breyden Bales'),
  (17, 1, 'Anna Kraft '),
  (18, 1, 'Seth Michael'),
  (19, 1, 'Sam Preston'),
  (20, 1, 'Ashen (Tillman PT)'),
  (21, 1, 'Katherine Hernandez'),
  (22, 1, 'Cara Wilkinson'),
  (23, 1, 'Keith Linenberger '),
  (24, 1, 'Lewis Martinez'),
  (25, 2, 'Molly Lewis'),
  (26, 2, 'Julie Clarke'),
  (27, 2, 'Dan Clarke'),
  (28, 2, 'Thomas Young'),
  (29, 2, 'David Litzau'),
  (30, 2, 'Chris Leonard'),
  (31, 2, 'Laura Mills'),
  (32, 2, 'Heather Van Stavern'),
  (33, 2, 'Jasmine DeFoore'),
  (34, 2, 'Lyndsey Williams'),
  (35, 2, 'Duncan Boggs'),
  (36, 2, 'Addison Cox'),
  (37, 2, 'Deborah Kogler'),
  (38, 2, 'Jim Peterson'),
  (39, 2, 'Terry Schertz'),
  (40, 2, 'Andrew Delbridge'),
  (41, 2, 'Richard McDonell'),
  (42, 2, 'Adam Kogler'),
  (43, 2, 'Wes Nickerson'),
  (44, 2, 'Daniel Hamm'),
  (45, 2, 'Salma Korrub'),
  (46, 2, 'Lino Kaethner'),
  (47, 2, 'Tad Hensley'),
  (48, 2, 'Oliver Preston'),
  (49, 2, 'Quin Hendricks'),
  (50, 3, 'Rose Subiono'),
  (51, 3, 'Vicki Sanchez'),
  (52, 3, 'Timothy Preston'),
  (53, 3, 'Elizabeth Preston'),
  (54, 3, 'Samantha Allen'),
  (55, 3, 'Pamela Ackert'),
  (56, 3, 'Savanna Rees'),
  (57, 3, 'Hanieh Esfahani'),
  (58, 3, 'Kyanoosh Shafaei'),
  (59, 3, 'Steven Hobson'),
  (60, 3, 'Jenn Moxon'),
  (61, 3, 'Ben Hahn'),
  (62, 3, 'Chelsea Rivas'),
  (63, 3, 'Rafael Rivas'),
  (64, 3, 'John Krueger'),
  (65, 3, 'Cristopher Erickson'),
  (66, 3, 'Marta Abrams'),
  (67, 3, 'Melissa Moore'),
  (68, 3, 'Veneranda Reyes'),
  (69, 3, 'Landon Debello'),
  (70, 3, 'John Howard'),
  (71, 3, 'Kristine Branstetter'),
  (72, 4, 'Morgan Daleo'),
  (73, 4, 'Colin Moore'),
  (74, 4, 'Heather Fox'),
  (75, 4, 'LaVonne Lorg'),
  (76, 4, 'Anna Bales'),
  (77, 4, 'Megan Lowder'),
  (78, 4, 'Pete Papaiaonnau'),
  (79, 4, 'Blake Milchuck '),
  (80, 4, 'Amanda Gosney '),
  (81, 4, 'Lorra Dailey '),
  (82, 4, 'Stacy Himba'),
  (83, 4, 'Jake Flores'),
  (84, 4, 'Rich Williams'),
  (85, 4, 'Marisol Sandoval'),
  (86, 4, 'Josh Orellana '),
  (87, 4, 'Mel Mattsen '),
  (88, 4, 'Geoff Korrub'),
  (89, 4, 'Suzette Hendrick'),
  (90, 4, 'Cole Hendrick'),
  (91, 4, 'Don Wilson '),
  (92, 4, 'Margaret Wilson'),
  (93, 4, 'Margarite'),
  (94, 4, 'Brad Van Stavern'),
  (95, 4, 'Hatyden Hoffman'),
  (96, 4, 'Zach Ortegon'),
  (97, 5, 'Karen Trenk'),
  (98, 5, 'Kimber Kurachi'),
  (99, 5, 'Sean Kenealy'),
  (100, 5, 'Amy Allen'),
  (101, 5, 'Dede Lakey'),
  (102, 5, 'Erika Johnson'),
  (103, 5, 'Kevin Mann'),
  (104, 5, 'Holly Hillis'),
  (105, 5, 'Kevin Fox'),
  (106, 5, 'Kyle Meece'),
  (107, 5, 'Sheila Hickerson'),
  (108, 5, 'Bonnie Caudill'),
  (109, 5, 'Kristen Munoz'),
  (110, 5, 'Lauren Pettineo'),
  (111, 5, 'Greg Meador'),
  (112, 5, 'Wade Aubin'),
  (113, 5, 'Anne Michel'),
  (114, 5, 'Kim Loftin'),
  (115, 6, 'Anna Gilmore'),
  (116, 6, 'Lisa Vasile'),
  (117, 6, 'Calvin Ong'),
  (118, 6, 'Aimie Black'),
  (119, 6, 'Gerald Talton'),
  (120, 6, 'Carla Khalsa'),
  (121, 6, 'Luis Rustrian '),
  (122, 6, 'Matthew Whittington'),
  (123, 6, 'K Leigh Forell'),
  (124, 6, 'Shantel king'),
  (125, 6, 'Trent Thompson'),
  (126, 6, 'Bill Cyree'),
  (127, 6, 'Paul Fenrich'),
  (128, 6, 'Trevor Hance'),
  (129, 6, 'Erin Crews'),
  (130, 6, '*Nikki Torrez'),
  (131, 6, 'Aaron Medina'),
  (132, 6, 'Chelsea Hanson'),
  (133, 6, 'Lameace Salman'),
  (134, 7, 'Christi Hoover'),
  (135, 7, 'Marcia Vandover'),
  (136, 7, 'Jeremy Brown'),
  (137, 7, 'James Reese'),
  (138, 7, 'Robert Ayala'),
  (139, 7, 'Mandy Reese'),
  (140, 7, 'Silvia Galarza'),
  (141, 7, 'Josh Rundall'),
  (142, 7, 'Lydia Lai'),
  (143, 7, 'Summer Strum'),
  (144, 7, 'Mia Mann'),
  (145, 7, 'Adam Cox'),
  (146, 7, 'Shanel Fortney '),
  (147, 7, 'Corrina Mayor'),
  (148, 7, 'Brian Gregory'),
  (149, 7, 'Aaron Crews'),
  (150, 7, 'Dan Castro'),
  (151, 8, 'Mari Mays'),
  (152, 8, 'Chad Mellon'),
  (153, 8, 'Joye Hooper'),
  (154, 8, 'Alice Hulsey'),
  (155, 8, 'Glen Pratt'),
  (156, 8, 'Carrie Weir'),
  (157, 8, 'Alexis Russell'),
  (158, 8, 'Tami Stromberg'),
  (159, 8, 'Karl Boettcher'),
  (160, 8, 'Shawn Randels'),
  (161, 8, 'Kelli Kurachi'),
  (162, 8, 'Brad Floyd'),
  (163, 8, 'Gomti Mehta'),
  (164, 8, 'Phil Fuerstner'),
  (165, 8, 'Juliane Fuerstner'),
  (166, 8, 'Sijith Ganga'),
  (167, 8, 'Eric Dehoux'),
  (168, 8, 'Lindsay Gregory'),
  (169, 8, 'Aaron Merritt');
DROP TABLE IF EXISTS attendances;
CREATE TABLE attendances (
  id int NOT NULL AUTO_INCREMENT,
  athlete_id int NOT NULL,
  date date NOT NULL,
  PRIMARY KEY (id)
) ENGINE = InnoDB DEFAULT CHARSET = utf8mb4 COLLATE = utf8mb4_0900_ai_ci;
INSERT INTO attendances (id, athlete_id, date)
VALUES
  (1, 17, '2021-11-01'),
  (2, 24, '2021-11-01'),
  (3, 29, '2021-11-01'),
  (4, 35, '2021-11-01'),
  (5, 23, '2021-11-01'),
  (6, 35, '2021-11-01'),
  (7, 46, '2021-11-01'),
  (8, 7, '2021-11-01'),
  (9, 8, '2021-11-01'),
  (10, 8, '2021-11-01'),
  (11, 50, '2021-11-01'),
  (12, 18, '2021-11-01'),
  (13, 43, '2021-11-01'),
  (14, 16, '2021-11-02'),
  (15, 6, '2021-11-02'),
  (16, 19, '2021-11-02'),
  (17, 48, '2021-11-02'),
  (18, 14, '2021-11-02'),
  (19, 8, '2021-11-02'),
  (20, 15, '2021-11-02'),
  (21, 30, '2021-11-02'),
  (22, 45, '2021-11-02'),
  (23, 31, '2021-11-02'),
  (24, 10, '2021-11-02'),
  (25, 13, '2021-11-02'),
  (26, 10, '2021-11-03'),
  (27, 34, '2021-11-04'),
  (28, 34, '2021-11-04'),
  (29, 21, '2021-11-04'),
  (30, 39, '2021-11-04'),
  (31, 5, '2021-11-04'),
  (32, 2, '2021-11-04'),
  (33, 12, '2021-11-04'),
  (34, 46, '2021-11-04'),
  (35, 15, '2021-11-04'),
  (36, 45, '2021-11-04'),
  (37, 18, '2021-11-04'),
  (38, 5, '2021-11-05'),
  (39, 37, '2021-11-06'),
  (40, 36, '2021-11-06'),
  (41, 12, '2021-11-06'),
  (42, 7, '2021-11-06'),
  (43, 34, '2021-11-06'),
  (44, 23, '2021-11-06'),
  (45, 41, '2021-11-06'),
  (46, 7, '2021-11-06'),
  (47, 23, '2021-11-06'),
  (48, 50, '2021-11-06'),
  (49, 9, '2021-11-06'),
  (50, 14, '2021-11-06'),
  (51, 31, '2021-11-06'),
  (52, 20, '2021-11-06'),
  (53, 14, '2021-11-06'),
  (54, 20, '2021-11-06'),
  (55, 29, '2021-11-06'),
  (56, 13, '2021-11-06'),
  (57, 8, '2021-11-06'),
  (58, 12, '2021-11-07'),
  (59, 34, '2021-11-07'),
  (60, 2, '2021-11-08'),
  (61, 1, '2021-11-08'),
  (62, 16, '2021-11-08'),
  (63, 2, '2021-11-08'),
  (64, 36, '2021-11-08'),
  (65, 28, '2021-11-08'),
  (66, 20, '2021-11-08'),
  (67, 26, '2021-11-08'),
  (68, 25, '2021-11-08'),
  (69, 12, '2021-11-08'),
  (70, 11, '2021-11-08'),
  (71, 49, '2021-11-08'),
  (72, 30, '2021-11-08'),
  (73, 8, '2021-11-08'),
  (74, 31, '2021-11-08'),
  (75, 48, '2021-11-08');
DROP TABLE IF EXISTS teams;
CREATE TABLE teams (
  id int NOT NULL AUTO_INCREMENT,
  name varchar(255) NOT NULL,
  capitan_name varchar(255) NOT NULL,
  PRIMARY KEY (id)
) ENGINE = InnoDB DEFAULT CHARSET = utf8mb4 COLLATE = utf8mb4_0900_ai_ci;
INSERT INTO teams (id, name, capitan_name)
VALUES (1, 'Elijah\’s Bar-Barians', 'Elijah Subiono'),
  (2, 'Ka\’eo\’s Army', 'Ka\’eo Subiono'),
  (3, 'Kulani\’s Legion', 'Kulani Subiono'),
  (4, 'Oliver', 'Oliver Urbina'),
  (5, 'BiggD Spartan\'s', 'David Tillman'),
  (6, 'David G', 'David Gallaher'),
  (7, 'Genny: The Dark Knights', 'Genny McElhaney'),
  (8, 'Russell', 'Russell Allen ');